NPSN,Nama Sekolah,Bentuk Pendidikan,Status,Alamat,Kabupaten/Kota,Kecamatan,Desa/Kelurahan,URL,Kecamatan Detail,Kabupaten Detail,Provinsi,Jenjang
60725022,MAS PKU,MA,SWASTA,Jl. Pantai Selatan,Kab. Adm. Kep. Seribu,Kepulauan Seribu Selatan,PULAU TIDUNG,https://referensi.data.kemendikdasmen.go.id/pendidikan/npsn/60725022,KEPULAUAN SERIBU SELATAN,KAB. ADM. KEP. SERIBU,PROV. D.K.I. JAKARTA,DIKMEN
20109165,SMKN 61 JAKARTA,SMK,NEGERI,JALAN PANTAI SELATAN NO. 1 PULAU TIDUNG.,Kab. Adm. Kep. Seribu,Kepulauan Seribu Selatan,PULAU TIDUNG,https://referensi.data.kemendikdasmen.go.id/pendidikan/npsn/20109165,KEPULAUAN SERIBU SELATAN,KAB. ADM. KEP. SERIBU,PROV. D.K.I. JAKARTA,DIKMEN
20107185,SMAN 69 JAKARTA,SMA,NEGERI,PULAU PRAMUKA RT 003/05,Kab. Adm. Kep. Seribu,Kepulauan Seribu Utara,PULAU PANGGANG,https://referensi.data.kemendikdasmen.go.id/pendidikan/npsn/20107185,KEPULAUAN SERIBU UTARA,KAB. ADM. KEP. SERIBU,PROV. D.K.I. JAKARTA,DIKMEN
60725008,MAS JAMIAT KHEIR,MA,SWASTA,Jl. KH. Mas Mansyur No.47,Kota Adm. Jakarta Pusat,Tanah Abang,KEBON MELATI,https://referensi.data.kemendikdasmen.go.id/pendidikan/npsn/60725008,TANAH ABANG,KOTA ADM. JAKARTA PUSAT,PROV. D.K.I. JAKARTA,DIKMEN
20109970,SLBN 3 JAKARTA,SLB,NEGERI,Jl. Karet Pasar Baru Barat 7,Kota Adm. Jakarta Pusat,Tanah Abang,KARET TENGSIN,https://referensi.data.kemendikdasmen.go.id/pendidikan/npsn/20109970,TANAH ABANG,KOTA ADM. JAKARTA PUSAT,PROV. D.K.I. JAKARTA,DIKDAS
20100188,SMA KRISTEN BETHEL,SMA,SWASTA,JL. PETAMBURAN IV NO.4,Kota Adm. Jakarta Pusat,Tanah Abang,PETAMBURAN,https://referensi.data.kemendikdasmen.go.id/pendidikan/npsn/20100188,TANAH ABANG,KOTA ADM. JAKARTA PUSAT,PROV. D.K.I. JAKARTA,DIKMEN
20100219,SMAN 24 JAKARTA,SMA,NEGERI,JL. LAPANGAN TEMBAK NO. 1 GELORA,Kota Adm. Jakarta Pusat,Tanah Abang,GELORA,https://referensi.data.kemendikdasmen.go.id/pendidikan/npsn/20100219,TANAH ABANG,KOTA ADM. JAKARTA PUSAT,PROV. D.K.I. JAKARTA,DIKMEN
20100212,SMAN 35 JAKARTA,SMA,NEGERI,JL. MUTIARA,Kota Adm. Jakarta Pusat,Tanah Abang,KARET TENGSIN,https://referensi.data.kemendikdasmen.go.id/pendidikan/npsn/20100212,TANAH ABANG,KOTA ADM. JAKARTA PUSAT,PROV. D.K.I. JAKARTA,DIKMEN
20100200,SMAN 7 JAKARTA,SMA,NEGERI,JL. KARET PS. BARU BARAT V,Kota Adm. Jakarta Pusat,Tanah Abang,KARET TENGSIN,https://referensi.data.kemendikdasmen.go.id/pendidikan/npsn/20100200,TANAH ABANG,KOTA ADM. JAKARTA PUSAT,PROV. D.K.I. JAKARTA,DIKMEN
20108501,SMAS HATI SUCI,SMA,SWASTA,JL. HATI SUCI NO. 2,Kota Adm. Jakarta Pusat,Tanah Abang,KAMPUNG BALI,https://referensi.data.kemendikdasmen.go.id/pendidikan/npsn/20108501,TANAH ABANG,KOTA ADM. JAKARTA PUSAT,PROV. D.K.I. JAKARTA,DIKMEN
20108502,SMAS ISLAM SAID NA UM JAKARTA,SMA,SWASTA,JL. K.H. MAS MANSYUR NO. 25,Kota Adm. Jakarta Pusat,Tanah Abang,KEBON KACANG,https://referensi.data.kemendikdasmen.go.id/pendidikan/npsn/20108502,TANAH ABANG,KOTA ADM. JAKARTA PUSAT,PROV. D.K.I. JAKARTA,DIKMEN
20100184,SMAS MUHAMMADIYAH 14 JAKARTA,SMA,SWASTA,JL. DANAU LIMBOTO NO. 2,Kota Adm. Jakarta Pusat,Tanah Abang,BENDUNGAN HILIR,https://referensi.data.kemendikdasmen.go.id/pendidikan/npsn/20100184,TANAH ABANG,KOTA ADM. JAKARTA PUSAT,PROV. D.K.I. JAKARTA,DIKMEN
20100140,SMK AL-IHSAN,SMK,SWASTA,JL. KEBON KACANG IX/57,Kota Adm. Jakarta Pusat,Tanah Abang,KEBON KACANG,https://referensi.data.kemendikdasmen.go.id/pendidikan/npsn/20100140,TANAH ABANG,KOTA ADM. JAKARTA PUSAT,PROV. D.K.I. JAKARTA,DIKMEN
20109319,SMK DENTAL ASISTEN SEKESAL JAKARTA,SMK,SWASTA,JL.BENDUNGAN JATILUHUR NO.130,Kota Adm. Jakarta Pusat,Tanah Abang,BENDUNGAN HILIR,https://referensi.data.kemendikdasmen.go.id/pendidikan/npsn/20109319,TANAH ABANG,KOTA ADM. JAKARTA PUSAT,PROV. D.K.I. JAKARTA,DIKMEN
20100132,SMK KRISTEN BETHEL,SMK,SWASTA,JL. KS TUBUN N0. 253 TANAH ABANG,Kota Adm. Jakarta Pusat,Tanah Abang,PETAMBURAN,https://referensi.data.kemendikdasmen.go.id/pendidikan/npsn/20100132,TANAH ABANG,KOTA ADM. JAKARTA PUSAT,PROV. D.K.I. JAKARTA,DIKMEN
20108509,SMK MUHAMMADIYAH 5,SMK,SWASTA,JL. TAMAN BENDUNGAN JATILUHUR 18,Kota Adm. Jakarta Pusat,Tanah Abang,BENDUNGAN HILIR,https://referensi.data.kemendikdasmen.go.id/pendidikan/npsn/20108509,TANAH ABANG,KOTA ADM. JAKARTA PUSAT,PROV. D.K.I. JAKARTA,DIKMEN
20100151,SMK PGRI 31 JAKARTA,SMK,SWASTA,Jl.Sabeni No 12,Kota Adm. Jakarta Pusat,Tanah Abang,KEBON MELATI,https://referensi.data.kemendikdasmen.go.id/pendidikan/npsn/20100151,TANAH ABANG,KOTA ADM. JAKARTA PUSAT,PROV. D.K.I. JAKARTA,DIKMEN
20100160,SMKN 19 JAKARTA,SMK,NEGERI,JL. DANAU LIMBOTO NO. 11,Kota Adm. Jakarta Pusat,Tanah Abang,BENDUNGAN HILIR,https://referensi.data.kemendikdasmen.go.id/pendidikan/npsn/20100160,TANAH ABANG,KOTA ADM. JAKARTA PUSAT,PROV. D.K.I. JAKARTA,DIKMEN
20100167,SMKN 38 JAKARTA,SMK,NEGERI,JL. KARET PASAR BARU TIMUR II,Kota Adm. Jakarta Pusat,Tanah Abang,KARET TENGSIN,https://referensi.data.kemendikdasmen.go.id/pendidikan/npsn/20100167,TANAH ABANG,KOTA ADM. JAKARTA PUSAT,PROV. D.K.I. JAKARTA,DIKMEN
20100142,SMKS MUHAMMADIYAH 2 JAKARTA,SMK,SWASTA,JL. KH. MAS MANSYUR NO. 65,Kota Adm. Jakarta Pusat,Tanah Abang,KEBON MELATI,https://referensi.data.kemendikdasmen.go.id/pendidikan/npsn/20100142,TANAH ABANG,KOTA ADM. JAKARTA PUSAT,PROV. D.K.I. JAKARTA,DIKMEN
20100118,SMKS SAID NAUM,SMK,SWASTA,JL. KH. MAS MANSYUR NO.25,Kota Adm. Jakarta Pusat,Tanah Abang,KEBON KACANG,https://referensi.data.kemendikdasmen.go.id/pendidikan/npsn/20100118,TANAH ABANG,KOTA ADM. JAKARTA PUSAT,PROV. D.K.I. JAKARTA,DIKMEN
69889008,SMTK BETHEL JAKARTA,,SWASTA,JL. PETAMBURAN IV NO 5,Kota Adm. Jakarta Pusat,Tanah Abang,PETAMBURAN,https://referensi.data.kemendikdasmen.go.id/pendidikan/npsn/69889008,TANAH ABANG,KOTA ADM. JAKARTA PUSAT,PROV. D.K.I. JAKARTA,DIKMEN
60725437,MAS AL QALAM,MA,SWASTA,Jl. Menteng Tenggulun No. 17 Rt: 009 Rw: 010,Kota Adm. Jakarta Pusat,Menteng,MENTENG,https://referensi.data.kemendikdasmen.go.id/pendidikan/npsn/60725437,MENTENG,KOTA ADM. JAKARTA PUSAT,PROV. D.K.I. JAKARTA,DIKMEN
20108499,SMA DWI SAKA,SMA,SWASTA,JL. TAMBAK NO. 32 JAKARTA,Kota Adm. Jakarta Pusat,Menteng,PEGANGSAAN,https://referensi.data.kemendikdasmen.go.id/pendidikan/npsn/20108499,MENTENG,KOTA ADM. JAKARTA PUSAT,PROV. D.K.I. JAKARTA,DIKMEN
20100170,SMA KANISIUS,SMA,SWASTA,JL. MENTENG RAYA No. 64 JAKARTA,Kota Adm. Jakarta Pusat,Menteng,KEBON SIRIH,https://referensi.data.kemendikdasmen.go.id/pendidikan/npsn/20100170,MENTENG,KOTA ADM. JAKARTA PUSAT,PROV. D.K.I. JAKARTA,DIKMEN
20100198,SMA SANTA THERESIA,SMA,SWASTA,JL. HAJI AGUS SALIM 75 JAKARTA,Kota Adm. Jakarta Pusat,Menteng,GONDANGDIA,https://referensi.data.kemendikdasmen.go.id/pendidikan/npsn/20100198,MENTENG,KOTA ADM. JAKARTA PUSAT,PROV. D.K.I. JAKARTA,DIKMEN
20108507,SMA ST. BELLARMINUS,SMA,SWASTA,LOMBOK NO. 58 JAKARTA,Kota Adm. Jakarta Pusat,Menteng,GONDANGDIA,https://referensi.data.kemendikdasmen.go.id/pendidikan/npsn/20108507,MENTENG,KOTA ADM. JAKARTA PUSAT,PROV. D.K.I. JAKARTA,DIKMEN
70054019,SMAN 117 JAKARTA,SMA,NEGERI,Jalan Ciasem No 2 A,Kota Adm. Jakarta Pusat,Menteng,CIKINI,https://referensi.data.kemendikdasmen.go.id/pendidikan/npsn/70054019,MENTENG,KOTA ADM. JAKARTA PUSAT,PROV. D.K.I. JAKARTA,DIKMEN
20100180,SMAS SUNDA KELAPA JAKARTA,SMA,SWASTA,JL. TAMAN SUNDA KELAPA 16 A Menteng Jakarta Pusat 10310,Kota Adm. Jakarta Pusat,Menteng,MENTENG,https://referensi.data.kemendikdasmen.go.id/pendidikan/npsn/20100180,MENTENG,KOTA ADM. JAKARTA PUSAT,PROV. D.K.I. JAKARTA,DIKMEN
20100214,SMAS YAPERMAS JAKARTA,SMA,SWASTA,JL. ANYER NO. 7 JAKARTA,Kota Adm. Jakarta Pusat,Menteng,MENTENG,https://referensi.data.kemendikdasmen.go.id/pendidikan/npsn/20100214,MENTENG,KOTA ADM. JAKARTA PUSAT,PROV. D.K.I. JAKARTA,DIKMEN
20108510,SMK JAYAWISATA 1,SMK,SWASTA,JL. TAMAN SUNDA KELAPA NO. 16 A,Kota Adm. Jakarta Pusat,Menteng,MENTENG,https://referensi.data.kemendikdasmen.go.id/pendidikan/npsn/20108510,MENTENG,KOTA ADM. JAKARTA PUSAT,PROV. D.K.I. JAKARTA,DIKMEN
20100300,SMK SANTA THERESIA,SMK,SWASTA,Jl. Gereja Theresia No. 4,Kota Adm. Jakarta Pusat,Menteng,GONDANGDIA,https://referensi.data.kemendikdasmen.go.id/pendidikan/npsn/20100300,MENTENG,KOTA ADM. JAKARTA PUSAT,PROV. D.K.I. JAKARTA,DIKMEN
20100295,SMK TAMAN SISWA 3,SMK,SWASTA,JL. MATRAMAN DALAM II/13,Kota Adm. Jakarta Pusat,Menteng,PEGANGSAAN,https://referensi.data.kemendikdasmen.go.id/pendidikan/npsn/20100295,MENTENG,KOTA ADM. JAKARTA PUSAT,PROV. D.K.I. JAKARTA,DIKMEN
20100159,SMKN 16 JAKARTA,SMK,NEGERI,JL. TAMAN AMIR HAMZAH MENTENG,Kota Adm. Jakarta Pusat,Menteng,MENTENG,https://referensi.data.kemendikdasmen.go.id/pendidikan/npsn/20100159,MENTENG,KOTA ADM. JAKARTA PUSAT,PROV. D.K.I. JAKARTA,DIKMEN
20100306,SMKS AL MAKMUR,SMK,SWASTA,"JL. RADEN SALEH, CIKINI MENTENG",Kota Adm. Jakarta Pusat,Menteng,CIKINI,https://referensi.data.kemendikdasmen.go.id/pendidikan/npsn/20100306,MENTENG,KOTA ADM. JAKARTA PUSAT,PROV. D.K.I. JAKARTA,DIKMEN
20100286,SMKS YAPERMAS JAKARTA,SMK,SWASTA,JL. ANYER NO. 7,Kota Adm. Jakarta Pusat,Menteng,MENTENG,https://referensi.data.kemendikdasmen.go.id/pendidikan/npsn/20100286,MENTENG,KOTA ADM. JAKARTA PUSAT,PROV. D.K.I. JAKARTA,DIKMEN
60725003,MAS JAKARTA PUSAT,MA,SWASTA,Jl. Kalibaru Timur V No 104,Kota Adm. Jakarta Pusat,Senen,BUNGUR,https://referensi.data.kemendikdasmen.go.id/pendidikan/npsn/60725003,SENEN,KOTA ADM. JAKARTA PUSAT,PROV. D.K.I. JAKARTA,DIKMEN
20100199,SMAN 68 JAKARTA,SMA,NEGERI,JL. SALEMBA RAYA 18,Kota Adm. Jakarta Pusat,Senen,KENARI,https://referensi.data.kemendikdasmen.go.id/pendidikan/npsn/20100199,SENEN,KOTA ADM. JAKARTA PUSAT,PROV. D.K.I. JAKARTA,DIKMEN
20108498,SMAS ADVENT 1 JAKARTA,SMA,SWASTA,JL. KRAMAT PULO NO. 16,Kota Adm. Jakarta Pusat,Senen,KRAMAT,https://referensi.data.kemendikdasmen.go.id/pendidikan/npsn/20108498,SENEN,KOTA ADM. JAKARTA PUSAT,PROV. D.K.I. JAKARTA,DIKMEN
20100175,SMAS ADVENT SALEMBA,SMA,SWASTA,JL. SALEMBA RAYA NO. 47,Kota Adm. Jakarta Pusat,Senen,PASEBAN,https://referensi.data.kemendikdasmen.go.id/pendidikan/npsn/20100175,SENEN,KOTA ADM. JAKARTA PUSAT,PROV. D.K.I. JAKARTA,DIKMEN
20100489,SMAS FRANSISKUS 1 JAKARTA,SMA,SWASTA,JL. KRAMAT RAYA NO. 67,Kota Adm. Jakarta Pusat,Senen,KRAMAT,https://referensi.data.kemendikdasmen.go.id/pendidikan/npsn/20100489,SENEN,KOTA ADM. JAKARTA PUSAT,PROV. D.K.I. JAKARTA,DIKMEN
20100195,SMAS MUHAMMADIYAH 1 JAKARTA,SMA,SWASTA,JL. KRAMAT RAYA NO. 49,Kota Adm. Jakarta Pusat,Senen,KRAMAT,https://referensi.data.kemendikdasmen.go.id/pendidikan/npsn/20100195,SENEN,KOTA ADM. JAKARTA PUSAT,PROV. D.K.I. JAKARTA,DIKMEN
20100183,SMAS MUHAMMADIYAH 16 JAKARTA,SMA,SWASTA,JL. KALIBARU BARAT NO. 52D,Kota Adm. Jakarta Pusat,Senen,BUNGUR,https://referensi.data.kemendikdasmen.go.id/pendidikan/npsn/20100183,SENEN,KOTA ADM. JAKARTA PUSAT,PROV. D.K.I. JAKARTA,DIKMEN
20100490,SMAS PSKD 1 JAKARTA,SMA,SWASTA,JL. DIPONEGORO NO. 80,Kota Adm. Jakarta Pusat,Senen,KENARI,https://referensi.data.kemendikdasmen.go.id/pendidikan/npsn/20100490,SENEN,KOTA ADM. JAKARTA PUSAT,PROV. D.K.I. JAKARTA,DIKMEN
20100483,SMAS PSKD 3 JAKARTA,SMA,SWASTA,JL. KWINI I NO. 1,Kota Adm. Jakarta Pusat,Senen,SENEN,https://referensi.data.kemendikdasmen.go.id/pendidikan/npsn/20100483,SENEN,KOTA ADM. JAKARTA PUSAT,PROV. D.K.I. JAKARTA,DIKMEN
20107254,SMK DITKESAD,SMK,SWASTA,JL. DR. ABDULRAHMAN SALEH NO 18,Kota Adm. Jakarta Pusat,Senen,SENEN,https://referensi.data.kemendikdasmen.go.id/pendidikan/npsn/20107254,SENEN,KOTA ADM. JAKARTA PUSAT,PROV. D.K.I. JAKARTA,DIKMEN
20100110,SMK KATOLIK SINT JOSEPH,SMK,SWASTA,JL. KRAMAT RAYA NO. 134,Kota Adm. Jakarta Pusat,Senen,KENARI,https://referensi.data.kemendikdasmen.go.id/pendidikan/npsn/20100110,SENEN,KOTA ADM. JAKARTA PUSAT,PROV. D.K.I. JAKARTA,DIKMEN
20100166,SMKN 34 JAKARTA,SMK,NEGERI,JL. KRAMAT RAYA NO. 93,Kota Adm. Jakarta Pusat,Senen,PASEBAN,https://referensi.data.kemendikdasmen.go.id/pendidikan/npsn/20100166,SENEN,KOTA ADM. JAKARTA PUSAT,PROV. D.K.I. JAKARTA,DIKMEN
20107255,SMKS FARMASI TUNAS BANGSA,SMK,SWASTA,SALEMBA TENGAH II NO.1,Kota Adm. Jakarta Pusat,Senen,PASEBAN,https://referensi.data.kemendikdasmen.go.id/pendidikan/npsn/20107255,SENEN,KOTA ADM. JAKARTA PUSAT,PROV. D.K.I. JAKARTA,DIKMEN
20100139,SMKS FRANCISKUS 2,SMK,SWASTA,"JL. KRAMAT RAYA, NO.67",Kota Adm. Jakarta Pusat,Senen,KRAMAT,https://referensi.data.kemendikdasmen.go.id/pendidikan/npsn/20100139,SENEN,KOTA ADM. JAKARTA PUSAT,PROV. D.K.I. JAKARTA,DIKMEN
20100116,SMKS MUHAMMADIYAH 10 JAKARTA,SMK,SWASTA,JL. KRAMAT SAWAH BARU,Kota Adm. Jakarta Pusat,Senen,SENEN,https://referensi.data.kemendikdasmen.go.id/pendidikan/npsn/20100116,SENEN,KOTA ADM. JAKARTA PUSAT,PROV. D.K.I. JAKARTA,DIKMEN
20100282,SMKS PSKD 1 JAKARTA,SMK,SWASTA,JL. Prajurit KKO Usman & Harun No. 26,Kota Adm. Jakarta Pusat,Senen,SENEN,https://referensi.data.kemendikdasmen.go.id/pendidikan/npsn/20100282,SENEN,KOTA ADM. JAKARTA PUSAT,PROV. D.K.I. JAKARTA,DIKMEN
20100223,SMAN 27 JAKARTA,SMA,NEGERI,JL. MARDANI RAYA JAKARTA,Kota Adm. Jakarta Pusat,Johar Baru,JOHAR BARU,https://referensi.data.kemendikdasmen.go.id/pendidikan/npsn/20100223,JOHAR BARU,KOTA ADM. JAKARTA PUSAT,PROV. D.K.I. JAKARTA,DIKMEN
20100505,SMAS ISLAM AL - JIHAD JAKARTA,SMA,SWASTA,JL. KRAMAT JAYA BARU NO 38,Kota Adm. Jakarta Pusat,Johar Baru,JOHAR BARU,https://referensi.data.kemendikdasmen.go.id/pendidikan/npsn/20100505,JOHAR BARU,KOTA ADM. JAKARTA PUSAT,PROV. D.K.I. JAKARTA,DIKMEN
20100158,SMKN 14 JAKARTA,SMK,NEGERI,JL. PERCETAKAN NEGARA II A,Kota Adm. Jakarta Pusat,Johar Baru,JOHAR BARU,https://referensi.data.kemendikdasmen.go.id/pendidikan/npsn/20100158,JOHAR BARU,KOTA ADM. JAKARTA PUSAT,PROV. D.K.I. JAKARTA,DIKMEN
20100165,SMKN 31 JAKARTA,SMK,NEGERI,JL. KRAMAT JAYA BARU BLOK DII,Kota Adm. Jakarta Pusat,Johar Baru,JOHAR BARU,https://referensi.data.kemendikdasmen.go.id/pendidikan/npsn/20100165,JOHAR BARU,KOTA ADM. JAKARTA PUSAT,PROV. D.K.I. JAKARTA,DIKMEN
20100105,SMKS KAMPUNG JAWA JAKARTA,SMK,SWASTA,JL. PERCETAKAN NEGARA II,Kota Adm. Jakarta Pusat,Johar Baru,JOHAR BARU,https://referensi.data.kemendikdasmen.go.id/pendidikan/npsn/20100105,JOHAR BARU,KOTA ADM. JAKARTA PUSAT,PROV. D.K.I. JAKARTA,DIKMEN
60725001,MAN 3 JAKARTA,MA,NEGERI,Jl. Rawasari Selatan No.06 Komplek Perkantoran Rawa Kerbo,Kota Adm. Jakarta Pusat,Cempaka Putih,CEMPAKA PUTIH TIMUR,https://referensi.data.kemendikdasmen.go.id/pendidikan/npsn/60725001,CEMPAKA PUTIH,KOTA ADM. JAKARTA PUSAT,PROV. D.K.I. JAKARTA,DIKMEN
20112472,SLB C CEMPAKA PUTIH,SLB,SWASTA,Jl. Pangkalan Asem Gg. I No. 1,Kota Adm. Jakarta Pusat,Cempaka Putih,CEMPAKA PUTIH BARAT,https://referensi.data.kemendikdasmen.go.id/pendidikan/npsn/20112472,CEMPAKA PUTIH,KOTA ADM. JAKARTA PUSAT,PROV. D.K.I. JAKARTA,DIKDAS
69985969,SLB SARASWATI LEARNING CENTER,SLB,SWASTA,Jl. Cempaka Putih Tengah XVII F No.19 Rt.001/008,Kota Adm. Jakarta Pusat,Cempaka Putih,CEMPAKA PUTIH TIMUR,https://referensi.data.kemendikdasmen.go.id/pendidikan/npsn/69985969,CEMPAKA PUTIH,KOTA ADM. JAKARTA PUSAT,PROV. D.K.I. JAKARTA,DIKDAS
20100224,SMAN 30 JAKARTA,SMA,NEGERI,JL. JEND. A. YANI,Kota Adm. Jakarta Pusat,Cempaka Putih,CEMPAKA PUTIH TIMUR,https://referensi.data.kemendikdasmen.go.id/pendidikan/npsn/20100224,CEMPAKA PUTIH,KOTA ADM. JAKARTA PUSAT,PROV. D.K.I. JAKARTA,DIKMEN
20100201,SMAN 77 JAKARTA,SMA,NEGERI,JL. CEMPAKA PUTIH TENGAH 17,Kota Adm. Jakarta Pusat,Cempaka Putih,CEMPAKA PUTIH TIMUR,https://referensi.data.kemendikdasmen.go.id/pendidikan/npsn/20100201,CEMPAKA PUTIH,KOTA ADM. JAKARTA PUSAT,PROV. D.K.I. JAKARTA,DIKMEN
20100193,SMAS PERGURUAN KSATRYA,SMA,SWASTA,JL. PERCETAKAN NEGARA,Kota Adm. Jakarta Pusat,Cempaka Putih,CEMPAKA PUTIH BARAT,https://referensi.data.kemendikdasmen.go.id/pendidikan/npsn/20100193,CEMPAKA PUTIH,KOTA ADM. JAKARTA PUSAT,PROV. D.K.I. JAKARTA,DIKMEN
20100196,SMAS TAMAN MADYA 5 JAKARTA,SMA,SWASTA,JL. PERCETAKAN NEGARA VIII NO. 16,Kota Adm. Jakarta Pusat,Cempaka Putih,RAWASARI,https://referensi.data.kemendikdasmen.go.id/pendidikan/npsn/20100196,CEMPAKA PUTIH,KOTA ADM. JAKARTA PUSAT,PROV. D.K.I. JAKARTA,DIKMEN
20100168,SMKN 39 JAKARTA,SMK,NEGERI,JALAN CEMPAKA PUTIH TENGAH VI NO. 2,Kota Adm. Jakarta Pusat,Cempaka Putih,CEMPAKA PUTIH TIMUR,https://referensi.data.kemendikdasmen.go.id/pendidikan/npsn/20100168,CEMPAKA PUTIH,KOTA ADM. JAKARTA PUSAT,PROV. D.K.I. JAKARTA,DIKMEN
20178283,SMKS CEMPAKA,SMK,SWASTA,JL CEMPAKA PUTIH BARAT,Kota Adm. Jakarta Pusat,Cempaka Putih,CEMPAKA PUTIH BARAT,https://referensi.data.kemendikdasmen.go.id/pendidikan/npsn/20178283,CEMPAKA PUTIH,KOTA ADM. JAKARTA PUSAT,PROV. D.K.I. JAKARTA,DIKMEN
20100114,SMKS KSATRYA,SMK,SWASTA,JL. PERCETAKAN NEGARA NO. D 232,Kota Adm. Jakarta Pusat,Cempaka Putih,CEMPAKA PUTIH BARAT,https://referensi.data.kemendikdasmen.go.id/pendidikan/npsn/20100114,CEMPAKA PUTIH,KOTA ADM. JAKARTA PUSAT,PROV. D.K.I. JAKARTA,DIKMEN
20100153,SMKS PGRI 4 JAKARTA,SMK,SWASTA,JL. PERCETAKAN NEGARA XI A,Kota Adm. Jakarta Pusat,Cempaka Putih,RAWASARI,https://referensi.data.kemendikdasmen.go.id/pendidikan/npsn/20100153,CEMPAKA PUTIH,KOTA ADM. JAKARTA PUSAT,PROV. D.K.I. JAKARTA,DIKMEN
20107259,SMKS TUNAS HARAPAN,SMK,SWASTA,JL. CEMP. PUTIH BARAT 14 CEMPAKA PUTIH,Kota Adm. Jakarta Pusat,Cempaka Putih,CEMPAKA PUTIH BARAT,https://referensi.data.kemendikdasmen.go.id/pendidikan/npsn/20107259,CEMPAKA PUTIH,KOTA ADM. JAKARTA PUSAT,PROV. D.K.I. JAKARTA,DIKMEN
69977357,MA AN-NUR,MA,SWASTA,JL. KEPU DALAM VII NO.114,Kota Adm. Jakarta Pusat,Kemayoran,KEMAYORAN,https://referensi.data.kemendikdasmen.go.id/pendidikan/npsn/69977357,KEMAYORAN,KOTA ADM. JAKARTA PUSAT,PROV. D.K.I. JAKARTA,DIKMEN
60724994,MAS AL MUDDATSIRIYAH,MA,SWASTA,Bendungan Jago Rt 15/01 No.1 K 444 A,Kota Adm. Jakarta Pusat,Kemayoran,UTAN PANJANG,https://referensi.data.kemendikdasmen.go.id/pendidikan/npsn/60724994,KEMAYORAN,KOTA ADM. JAKARTA PUSAT,PROV. D.K.I. JAKARTA,DIKMEN
20107251,SEKOLAH MENENGAH ATAS UNIVERSAL,SPK,SWASTA,JL. RUAS D. 7 BLOK D 6 NO. 2,Kota Adm. Jakarta Pusat,Kemayoran,KEBON KOSONG,https://referensi.data.kemendikdasmen.go.id/pendidikan/npsn/20107251,KEMAYORAN,KOTA ADM. JAKARTA PUSAT,PROV. D.K.I. JAKARTA,DIKMEN
20110023,SLB B-C MAKNA BAKTI,SLB,SWASTA,Jl. Dakota V No. 22,Kota Adm. Jakarta Pusat,Kemayoran,KEBON KOSONG,https://referensi.data.kemendikdasmen.go.id/pendidikan/npsn/20110023,KEMAYORAN,KOTA ADM. JAKARTA PUSAT,PROV. D.K.I. JAKARTA,DIKDAS
20109554,SLB BC HARAPAN IBU,SLB,SWASTA,Jl. Kemayoran Gempol No. 20,Kota Adm. Jakarta Pusat,Kemayoran,KEBON KOSONG,https://referensi.data.kemendikdasmen.go.id/pendidikan/npsn/20109554,KEMAYORAN,KOTA ADM. JAKARTA PUSAT,PROV. D.K.I. JAKARTA,DIKDAS
20110024,SLB C DIAN GRAHITA,SLB,SWASTA,Jl. Angkasa I Blok B. 16 Kav. 1,Kota Adm. Jakarta Pusat,Kemayoran,GUNUNG SAHARI SELATAN,https://referensi.data.kemendikdasmen.go.id/pendidikan/npsn/20110024,KEMAYORAN,KOTA ADM. JAKARTA PUSAT,PROV. D.K.I. JAKARTA,DIKDAS
69758962,SMA GANDHI MEMORIAL INTERCONTINENTAL SCHOOL,SPK,SWASTA,JL HBR MOTIK KEMAYORAN,Kota Adm. Jakarta Pusat,Kemayoran,KEMAYORAN,https://referensi.data.kemendikdasmen.go.id/pendidikan/npsn/69758962,KEMAYORAN,KOTA ADM. JAKARTA PUSAT,PROV. D.K.I. JAKARTA,DIKMEN
20100187,SMA KRISTEN 3 PENABUR,SMA,SWASTA,JL. GUNUNG SAHARI RAYA NO. 90 A,Kota Adm. Jakarta Pusat,Kemayoran,GUNUNG SAHARI SELATAN,https://referensi.data.kemendikdasmen.go.id/pendidikan/npsn/20100187,KEMAYORAN,KOTA ADM. JAKARTA PUSAT,PROV. D.K.I. JAKARTA,DIKMEN
70042328,SMA KRISTEN SAINT JOHN,SMA,SWASTA,Jl. Bungur Besar No. 82A RT. 01 RW. 07,Kota Adm. Jakarta Pusat,Kemayoran,GUNUNG SAHARI SELATAN,https://referensi.data.kemendikdasmen.go.id/pendidikan/npsn/70042328,KEMAYORAN,KOTA ADM. JAKARTA PUSAT,PROV. D.K.I. JAKARTA,DIKMEN
20100210,SMAN 5 JAKARTA,SMA,NEGERI,JL. RAYA SUMUR BATU,Kota Adm. Jakarta Pusat,Kemayoran,SUMUR BATU,https://referensi.data.kemendikdasmen.go.id/pendidikan/npsn/20100210,KEMAYORAN,KOTA ADM. JAKARTA PUSAT,PROV. D.K.I. JAKARTA,DIKMEN
20100185,SMAS KARTINI 1 JAKARTA,SMA,SWASTA,JL. KALIBARU TIMUR V NO.1,Kota Adm. Jakarta Pusat,Kemayoran,UTAN PANJANG,https://referensi.data.kemendikdasmen.go.id/pendidikan/npsn/20100185,KEMAYORAN,KOTA ADM. JAKARTA PUSAT,PROV. D.K.I. JAKARTA,DIKMEN
20100189,SMAS KRISTEN KANAAN JAKARTA,SMA,SWASTA,"Jl. Kran Raya no. 7 Kemayoran, Jakarta Pusat",Kota Adm. Jakarta Pusat,Kemayoran,GUNUNG SAHARI SELATAN,https://referensi.data.kemendikdasmen.go.id/pendidikan/npsn/20100189,KEMAYORAN,KOTA ADM. JAKARTA PUSAT,PROV. D.K.I. JAKARTA,DIKMEN
20100182,SMAS MUHAMMADIYAH 2 JAKARTA,SMA,SWASTA,JL. GARUDA NO. 33,Kota Adm. Jakarta Pusat,Kemayoran,GUNUNG SAHARI SELATAN,https://referensi.data.kemendikdasmen.go.id/pendidikan/npsn/20100182,KEMAYORAN,KOTA ADM. JAKARTA PUSAT,PROV. D.K.I. JAKARTA,DIKMEN
20100173,SMAS PASKALIS,SMA,SWASTA,JL. RANJAU NO. 13 KODAM,Kota Adm. Jakarta Pusat,Kemayoran,SUMUR BATU,https://referensi.data.kemendikdasmen.go.id/pendidikan/npsn/20100173,KEMAYORAN,KOTA ADM. JAKARTA PUSAT,PROV. D.K.I. JAKARTA,DIKMEN
20100174,SMAS PERGURUAN NASIONAL JAKARTA,SMA,SWASTA,JL. CEMPAKA BARU TIMUR I NO. 1,Kota Adm. Jakarta Pusat,Kemayoran,CEMPAKA BARU,https://referensi.data.kemendikdasmen.go.id/pendidikan/npsn/20100174,KEMAYORAN,KOTA ADM. JAKARTA PUSAT,PROV. D.K.I. JAKARTA,DIKMEN
20100181,SMAS TAMAN MADYA I JAKARTA,SMA,SWASTA,JL. SUNTER BENDUNGAN JAGO 11,Kota Adm. Jakarta Pusat,Kemayoran,SERDANG,https://referensi.data.kemendikdasmen.go.id/pendidikan/npsn/20100181,KEMAYORAN,KOTA ADM. JAKARTA PUSAT,PROV. D.K.I. JAKARTA,DIKMEN
20100117,SMK JAKARTA DUA,SMK,SWASTA,JL. CEMPAKA BARU TENGAH NO. 1-3,Kota Adm. Jakarta Pusat,Kemayoran,CEMPAKA BARU,https://referensi.data.kemendikdasmen.go.id/pendidikan/npsn/20100117,KEMAYORAN,KOTA ADM. JAKARTA PUSAT,PROV. D.K.I. JAKARTA,DIKMEN
20100296,SMK TAMANSISWA 2,SMK,SWASTA,JL. GARUDA NO. 44 KEMAYORAN,Kota Adm. Jakarta Pusat,Kemayoran,KEMAYORAN,https://referensi.data.kemendikdasmen.go.id/pendidikan/npsn/20100296,KEMAYORAN,KOTA ADM. JAKARTA PUSAT,PROV. D.K.I. JAKARTA,DIKMEN
20100162,SMKN 21 JAKARTA,SMK,NEGERI,JL. SIAGA I GG. SWADAYA III,Kota Adm. Jakarta Pusat,Kemayoran,KEBON KOSONG,https://referensi.data.kemendikdasmen.go.id/pendidikan/npsn/20100162,KEMAYORAN,KOTA ADM. JAKARTA PUSAT,PROV. D.K.I. JAKARTA,DIKMEN
20100164,SMKN 3 JAKARTA,SMK,NEGERI,JL. GARUDA NO. 63 KEMAYORAN,Kota Adm. Jakarta Pusat,Kemayoran,GUNUNG SAHARI SELATAN,https://referensi.data.kemendikdasmen.go.id/pendidikan/npsn/20100164,KEMAYORAN,KOTA ADM. JAKARTA PUSAT,PROV. D.K.I. JAKARTA,DIKMEN
20100157,SMKN 44 JAKARTA,SMK,NEGERI,JL. HARAPAN JAYA 9/5A KEMAYORAN,Kota Adm. Jakarta Pusat,Kemayoran,CEMPAKA BARU,https://referensi.data.kemendikdasmen.go.id/pendidikan/npsn/20100157,KEMAYORAN,KOTA ADM. JAKARTA PUSAT,PROV. D.K.I. JAKARTA,DIKMEN
20100156,SMKN 54 JAKARTA,SMK,NEGERI,JL. BENDUNGAN JAGO NO. 53,Kota Adm. Jakarta Pusat,Kemayoran,SERDANG,https://referensi.data.kemendikdasmen.go.id/pendidikan/npsn/20100156,KEMAYORAN,KOTA ADM. JAKARTA PUSAT,PROV. D.K.I. JAKARTA,DIKMEN
20177909,SMKS KRISTEN KANAAN,SMK,SWASTA,JL. KRAN RAYA NO. 7 JAKARTA,Kota Adm. Jakarta Pusat,Kemayoran,GUNUNG SAHARI SELATAN,https://referensi.data.kemendikdasmen.go.id/pendidikan/npsn/20177909,KEMAYORAN,KOTA ADM. JAKARTA PUSAT,PROV. D.K.I. JAKARTA,DIKMEN
20100115,SMKS MUHAMMADIYAH 1 JAKARTA,SMK,SWASTA,JL. GARUDA NO. 33 KEMAYORAN,Kota Adm. Jakarta Pusat,Kemayoran,GUNUNG SAHARI SELATAN,https://referensi.data.kemendikdasmen.go.id/pendidikan/npsn/20100115,KEMAYORAN,KOTA ADM. JAKARTA PUSAT,PROV. D.K.I. JAKARTA,DIKMEN
20100141,SMKS MUHAMMADIYAH 11 JAKARTA,SMK,SWASTA,JL. CEMPAKA WANGI II/12,Kota Adm. Jakarta Pusat,Kemayoran,HARAPAN MULYA,https://referensi.data.kemendikdasmen.go.id/pendidikan/npsn/20100141,KEMAYORAN,KOTA ADM. JAKARTA PUSAT,PROV. D.K.I. JAKARTA,DIKMEN
20100307,SMKS PONCOL,SMK,SWASTA,JL. MUTIARA RAYA,Kota Adm. Jakarta Pusat,Kemayoran,SUMUR BATU,https://referensi.data.kemendikdasmen.go.id/pendidikan/npsn/20100307,KEMAYORAN,KOTA ADM. JAKARTA PUSAT,PROV. D.K.I. JAKARTA,DIKMEN
20100303,SMKS STRADA 1 JAKARTA,SMK,SWASTA,JL. GUNUNG SAHARI NO. 88,Kota Adm. Jakarta Pusat,Kemayoran,GUNUNG SAHARI SELATAN,https://referensi.data.kemendikdasmen.go.id/pendidikan/npsn/20100303,KEMAYORAN,KOTA ADM. JAKARTA PUSAT,PROV. D.K.I. JAKARTA,DIKMEN
20100294,SMKS TAMAN SISWA 1 JAKARTA,SMK,SWASTA,JL GARUDA NO. 25,Kota Adm. Jakarta Pusat,Kemayoran,GUNUNG SAHARI SELATAN,https://referensi.data.kemendikdasmen.go.id/pendidikan/npsn/20100294,KEMAYORAN,KOTA ADM. JAKARTA PUSAT,PROV. D.K.I. JAKARTA,DIKMEN
69830450,MAS ISTIQLAL,MA,SWASTA,"Masjid Istiqlal, Jl. Taman Wijaya Kusuma",Kota Adm. Jakarta Pusat,Sawah Besar,PASAR BARU,https://referensi.data.kemendikdasmen.go.id/pendidikan/npsn/69830450,SAWAH BESAR,KOTA ADM. JAKARTA PUSAT,PROV. D.K.I. JAKARTA,DIKMEN
20100484,SMA AT-TAQWA,SMA,SWASTA,JL. RAJAWALI SELATAN VI NO. 18,Kota Adm. Jakarta Pusat,Sawah Besar,GUNUNG SAHARI UTARA,https://referensi.data.kemendikdasmen.go.id/pendidikan/npsn/20100484,SAWAH BESAR,KOTA ADM. JAKARTA PUSAT,PROV. D.K.I. JAKARTA,DIKMEN
20107249,SMA BUDI MULIA,SMA,SWASTA,JL. MANGGA BESAR RAYA 135,Kota Adm. Jakarta Pusat,Sawah Besar,MANGGA DUA SELATAN,https://referensi.data.kemendikdasmen.go.id/pendidikan/npsn/20107249,SAWAH BESAR,KOTA ADM. JAKARTA PUSAT,PROV. D.K.I. JAKARTA,DIKMEN
20100190,SMA KRISTEN KARUNIA,SMA,SWASTA,JL. KARTINI RAYA NO. 10 A,Kota Adm. Jakarta Pusat,Sawah Besar,PASAR BARU,https://referensi.data.kemendikdasmen.go.id/pendidikan/npsn/20100190,SAWAH BESAR,KOTA ADM. JAKARTA PUSAT,PROV. D.K.I. JAKARTA,DIKMEN
20100194,SMA MAHATMA GANDHI SCHOOL,SPK,SWASTA,JL. TABING BLOK B -16 NO. 3 RT.08 RW.07,Kota Adm. Jakarta Pusat,Sawah Besar,GUNUNG SAHARI UTARA,https://referensi.data.kemendikdasmen.go.id/pendidikan/npsn/20100194,SAWAH BESAR,KOTA ADM. JAKARTA PUSAT,PROV. D.K.I. JAKARTA,DIKMEN
20108383,SMA SANTA URSULA,SMA,SWASTA,JL. POS NO. 2,Kota Adm. Jakarta Pusat,Sawah Besar,PASAR BARU,https://referensi.data.kemendikdasmen.go.id/pendidikan/npsn/20108383,SAWAH BESAR,KOTA ADM. JAKARTA PUSAT,PROV. D.K.I. JAKARTA,DIKMEN
20100186,SMAK 2 PENABUR,SMA,SWASTA,JL. PINTU AIR RAYA NO. 11,Kota Adm. Jakarta Pusat,Sawah Besar,PASAR BARU,https://referensi.data.kemendikdasmen.go.id/pendidikan/npsn/20100186,SAWAH BESAR,KOTA ADM. JAKARTA PUSAT,PROV. D.K.I. JAKARTA,DIKMEN
20100216,SMAN 1 JAKARTA,SMA,NEGERI,JL. BUDI UTOMO NO. 7,Kota Adm. Jakarta Pusat,Sawah Besar,PASAR BARU,https://referensi.data.kemendikdasmen.go.id/pendidikan/npsn/20100216,SAWAH BESAR,KOTA ADM. JAKARTA PUSAT,PROV. D.K.I. JAKARTA,DIKMEN
20100217,SMAN 10 JAKARTA,SMA,NEGERI,JL. MANGGA BESAR XIII,Kota Adm. Jakarta Pusat,Sawah Besar,MANGGA DUA SELATAN,https://referensi.data.kemendikdasmen.go.id/pendidikan/npsn/20100217,SAWAH BESAR,KOTA ADM. JAKARTA PUSAT,PROV. D.K.I. JAKARTA,DIKMEN
20100218,SMAN 20 JAKARTA,SMA,NEGERI,JL. KREKOT BUNDER III/I,Kota Adm. Jakarta Pusat,Sawah Besar,PASAR BARU,https://referensi.data.kemendikdasmen.go.id/pendidikan/npsn/20100218,SAWAH BESAR,KOTA ADM. JAKARTA PUSAT,PROV. D.K.I. JAKARTA,DIKMEN
20100213,SMAS TRIWIBAWA JAKARTA,SMA,SWASTA,JL. RAJAWALI SELATAN I NO.30,Kota Adm. Jakarta Pusat,Sawah Besar,GUNUNG SAHARI UTARA,https://referensi.data.kemendikdasmen.go.id/pendidikan/npsn/20100213,SAWAH BESAR,KOTA ADM. JAKARTA PUSAT,PROV. D.K.I. JAKARTA,DIKMEN
20100131,SMK AT TAQWA,SMK,SWASTA,JL. RAJAWALI SELATAN VI NO. 18,Kota Adm. Jakarta Pusat,Sawah Besar,GUNUNG SAHARI UTARA,https://referensi.data.kemendikdasmen.go.id/pendidikan/npsn/20100131,SAWAH BESAR,KOTA ADM. JAKARTA PUSAT,PROV. D.K.I. JAKARTA,DIKMEN
20109314,SMK FARMASI BPK PENABUR,SMK,SWASTA,PINTU AIR RAYA NO. 11,Kota Adm. Jakarta Pusat,Sawah Besar,PASAR BARU,https://referensi.data.kemendikdasmen.go.id/pendidikan/npsn/20109314,SAWAH BESAR,KOTA ADM. JAKARTA PUSAT,PROV. D.K.I. JAKARTA,DIKMEN
20100104,SMK KARTINI,SMK,SWASTA,JL KARTINI RAYA NO. 26,Kota Adm. Jakarta Pusat,Sawah Besar,KARTINI,https://referensi.data.kemendikdasmen.go.id/pendidikan/npsn/20100104,SAWAH BESAR,KOTA ADM. JAKARTA PUSAT,PROV. D.K.I. JAKARTA,DIKMEN
20100143,SMKN 1 JAKARTA,SMK,NEGERI,JL. BUDI UTOMO NO.7 SAWAH BESAR,Kota Adm. Jakarta Pusat,Sawah Besar,PASAR BARU,https://referensi.data.kemendikdasmen.go.id/pendidikan/npsn/20100143,SAWAH BESAR,KOTA ADM. JAKARTA PUSAT,PROV. D.K.I. JAKARTA,DIKMEN
20100163,SMKN 27 JAKARTA,SMK,NEGERI,JL. DR. SUTOMO NO. 1,Kota Adm. Jakarta Pusat,Sawah Besar,PASAR BARU,https://referensi.data.kemendikdasmen.go.id/pendidikan/npsn/20100163,SAWAH BESAR,KOTA ADM. JAKARTA PUSAT,PROV. D.K.I. JAKARTA,DIKMEN
20107258,SMKS STRADA JAKARTA,SMK,SWASTA,JL. RAJAWALI SELATAN 2 NO. 1,Kota Adm. Jakarta Pusat,Sawah Besar,GUNUNG SAHARI UTARA,https://referensi.data.kemendikdasmen.go.id/pendidikan/npsn/20107258,SAWAH BESAR,KOTA ADM. JAKARTA PUSAT,PROV. D.K.I. JAKARTA,DIKMEN
20100486,SMA BUNDA MULIA,SMA,SWASTA,JL. AM. SANGAJI NO. 20,Kota Adm. Jakarta Pusat,Gambir,PETOJO UTARA,https://referensi.data.kemendikdasmen.go.id/pendidikan/npsn/20100486,GAMBIR,KOTA ADM. JAKARTA PUSAT,PROV. D.K.I. JAKARTA,DIKMEN
20100215,SMA YP IPPI PETOJO,SMA,SWASTA,JL. PETOJO BARAT III/2,Kota Adm. Jakarta Pusat,Gambir,PETOJO UTARA,https://referensi.data.kemendikdasmen.go.id/pendidikan/npsn/20100215,GAMBIR,KOTA ADM. JAKARTA PUSAT,PROV. D.K.I. JAKARTA,DIKMEN
20100221,SMAN 25 JAKARTA,SMA,NEGERI,JL. AM. SANGAJI NO. 22-24,Kota Adm. Jakarta Pusat,Gambir,PETOJO UTARA,https://referensi.data.kemendikdasmen.go.id/pendidikan/npsn/20100221,GAMBIR,KOTA ADM. JAKARTA PUSAT,PROV. D.K.I. JAKARTA,DIKMEN
20100211,SMAN 4 JAKARTA,SMA,NEGERI,JL. BATU NO. 3 GAMBIR,Kota Adm. Jakarta Pusat,Gambir,GAMBIR,https://referensi.data.kemendikdasmen.go.id/pendidikan/npsn/20100211,GAMBIR,KOTA ADM. JAKARTA PUSAT,PROV. D.K.I. JAKARTA,DIKMEN
20100191,SMAS KRISTEN KETAPANG 1 JAKARTA,SMA,SWASTA,JL. K.H. ZAINUL ARIFIN 35,Kota Adm. Jakarta Pusat,Gambir,PETOJO UTARA,https://referensi.data.kemendikdasmen.go.id/pendidikan/npsn/20100191,GAMBIR,KOTA ADM. JAKARTA PUSAT,PROV. D.K.I. JAKARTA,DIKMEN
20100179,SMAS SANTO PAULUS JAKARTA,SMA,SWASTA,JL. SETIA KAWAN RAYA 39-41,Kota Adm. Jakarta Pusat,Gambir,DURI PULO,https://referensi.data.kemendikdasmen.go.id/pendidikan/npsn/20100179,GAMBIR,KOTA ADM. JAKARTA PUSAT,PROV. D.K.I. JAKARTA,DIKMEN
20100197,SMAS TARSISIUS 1 JAKARTA,SMA,SWASTA,JL. KH. HASYIM ASHARI 26,Kota Adm. Jakarta Pusat,Gambir,PETOJO UTARA,https://referensi.data.kemendikdasmen.go.id/pendidikan/npsn/20100197,GAMBIR,KOTA ADM. JAKARTA PUSAT,PROV. D.K.I. JAKARTA,DIKMEN
20100119,SMK AL IRSYAD,SMK,SWASTA,JL. KH. HASYIM ASHARI 27 GAMBIR,Kota Adm. Jakarta Pusat,Gambir,PETOJO UTARA,https://referensi.data.kemendikdasmen.go.id/pendidikan/npsn/20100119,GAMBIR,KOTA ADM. JAKARTA PUSAT,PROV. D.K.I. JAKARTA,DIKMEN
20107252,SMK BUNDA MULIA 1,SMK,SWASTA,JL. AM. SANGAJI N0. 20 PETOJO UTARA,Kota Adm. Jakarta Pusat,Gambir,PETOJO UTARA,https://referensi.data.kemendikdasmen.go.id/pendidikan/npsn/20107252,GAMBIR,KOTA ADM. JAKARTA PUSAT,PROV. D.K.I. JAKARTA,DIKMEN
69981907,SMK GLOBAL MULTIMEDIA,SMK,SWASTA,Jl. Alaydrus No. 10,Kota Adm. Jakarta Pusat,Gambir,PETOJO UTARA,https://referensi.data.kemendikdasmen.go.id/pendidikan/npsn/69981907,GAMBIR,KOTA ADM. JAKARTA PUSAT,PROV. D.K.I. JAKARTA,DIKMEN
20100108,SMK JAKARTA PUSAT 1,SMK,SWASTA,JL. ABDUL MUIS NO. 44,Kota Adm. Jakarta Pusat,Gambir,PETOJO SELATAN,https://referensi.data.kemendikdasmen.go.id/pendidikan/npsn/20100108,GAMBIR,KOTA ADM. JAKARTA PUSAT,PROV. D.K.I. JAKARTA,DIKMEN
20100299,SMK SANTA MARIA,SMK,SWASTA,Jl. Ir. H. Juanda No. 29,Kota Adm. Jakarta Pusat,Gambir,KEBON KELAPA,https://referensi.data.kemendikdasmen.go.id/pendidikan/npsn/20100299,GAMBIR,KOTA ADM. JAKARTA PUSAT,PROV. D.K.I. JAKARTA,DIKMEN
20100288,SMK YP IPPI PETOJO,SMK,SWASTA,JL. PETOJO BARAT III/2,Kota Adm. Jakarta Pusat,Gambir,PETOJO UTARA,https://referensi.data.kemendikdasmen.go.id/pendidikan/npsn/20100288,GAMBIR,KOTA ADM. JAKARTA PUSAT,PROV. D.K.I. JAKARTA,DIKMEN
20100161,SMKN 2 JAKARTA,SMK,NEGERI,JL. BATU 3,Kota Adm. Jakarta Pusat,Gambir,GAMBIR,https://referensi.data.kemendikdasmen.go.id/pendidikan/npsn/20100161,GAMBIR,KOTA ADM. JAKARTA PUSAT,PROV. D.K.I. JAKARTA,DIKMEN
20108514,SMKS REX MUNDI,SMK,SWASTA,ALAYDRUS NO. 42,Kota Adm. Jakarta Pusat,Gambir,PETOJO UTARA,https://referensi.data.kemendikdasmen.go.id/pendidikan/npsn/20108514,GAMBIR,KOTA ADM. JAKARTA PUSAT,PROV. D.K.I. JAKARTA,DIKMEN
20100301,SMKS SANTO PAULUS,SMK,SWASTA,SETIA KAWAN RAYA NO. 39-41,Kota Adm. Jakarta Pusat,Gambir,DURI PULO,https://referensi.data.kemendikdasmen.go.id/pendidikan/npsn/20100301,GAMBIR,KOTA ADM. JAKARTA PUSAT,PROV. D.K.I. JAKARTA,DIKMEN
20177968,MAS AL MUHAJIRIN,MA,SWASTA,Jl. Teluk Gong Kavling Blok A20,Kota Adm. Jakarta Utara,Penjaringan,PEJAGALAN,https://referensi.data.kemendikdasmen.go.id/pendidikan/npsn/20177968,PENJARINGAN,KOTA ADM. JAKARTA UTARA,PROV. D.K.I. JAKARTA,DIKMEN
69824833,MAS KHAIRUL UMMAH,MA,SWASTA,"Jl. Kapuk Muara No. 12 Rt. 006 Rw. 005, Kelurahan Kapuk Muara",Kota Adm. Jakarta Utara,Penjaringan,KAPUK MUARA,https://referensi.data.kemendikdasmen.go.id/pendidikan/npsn/69824833,PENJARINGAN,KOTA ADM. JAKARTA UTARA,PROV. D.K.I. JAKARTA,DIKMEN
70041910,MAS NURUL BAHRI,MA,SWASTA,Jl Pemukiman Nelayan Muara Angke RT/RW : 006/001,Kota Adm. Jakarta Utara,Penjaringan,PLUIT,https://referensi.data.kemendikdasmen.go.id/pendidikan/npsn/70041910,PENJARINGAN,KOTA ADM. JAKARTA UTARA,PROV. D.K.I. JAKARTA,DIKMEN
20112462,SEKOLAH MENENGAH ATAS BINA BANGSA SCHOOL PANTAI INDAH KAPUK,SPK,SWASTA,Walet Elok 8 Blok R8 No.1 Pantai Indah Kapuk,Kota Adm. Jakarta Utara,Penjaringan,KAPUK MUARA,https://referensi.data.kemendikdasmen.go.id/pendidikan/npsn/20112462,PENJARINGAN,KOTA ADM. JAKARTA UTARA,PROV. D.K.I. JAKARTA,DIKMEN
20109561,SEKOLAH MENENGAH ATAS SINGAPORE SCHOOL PANTAI INDAH KAPUK,SPK,SWASTA,JL. Mandara Indah No.4,Kota Adm. Jakarta Utara,Penjaringan,KAPUK MUARA,https://referensi.data.kemendikdasmen.go.id/pendidikan/npsn/20109561,PENJARINGAN,KOTA ADM. JAKARTA UTARA,PROV. D.K.I. JAKARTA,DIKMEN
69961163,SEKOLAH MENENGAH ATAS TZU CHI,SPK,SWASTA,Jl Pantai Indah Kapuk Boulevard,Kota Adm. Jakarta Utara,Penjaringan,KAMAL MUARA,https://referensi.data.kemendikdasmen.go.id/pendidikan/npsn/69961163,PENJARINGAN,KOTA ADM. JAKARTA UTARA,PROV. D.K.I. JAKARTA,DIKMEN
20107370,SMA BINA TUNAS BANGSA,SPK,SWASTA,Jl.TAMAN PLUIT PUTRI,Kota Adm. Jakarta Utara,Penjaringan,PLUIT,https://referensi.data.kemendikdasmen.go.id/pendidikan/npsn/20107370,PENJARINGAN,KOTA ADM. JAKARTA UTARA,PROV. D.K.I. JAKARTA,DIKMEN
70051006,SMA BUANA SISWA,SMA,SWASTA,JL. PLUIT KARANG BARAT BLOK. G6B NO.29,Kota Adm. Jakarta Utara,Penjaringan,PLUIT,https://referensi.data.kemendikdasmen.go.id/pendidikan/npsn/70051006,PENJARINGAN,KOTA ADM. JAKARTA UTARA,PROV. D.K.I. JAKARTA,DIKMEN
70039682,SMA BUKIT MULIA,SMA,SWASTA,"JL. PLUIT KARANG SARI VI, RT.001/14",Kota Adm. Jakarta Utara,Penjaringan,PLUIT,https://referensi.data.kemendikdasmen.go.id/pendidikan/npsn/70039682,PENJARINGAN,KOTA ADM. JAKARTA UTARA,PROV. D.K.I. JAKARTA,DIKMEN
20107374,SMA DARMA SATRIA PERSADA,SMA,SWASTA,JL. KOMPLEK TELUK INDAH BLOK Q2 NO. 2-4,Kota Adm. Jakarta Utara,Penjaringan,PEJAGALAN,https://referensi.data.kemendikdasmen.go.id/pendidikan/npsn/20107374,PENJARINGAN,KOTA ADM. JAKARTA UTARA,PROV. D.K.I. JAKARTA,DIKMEN
20110335,SMA KRISTEN 6 PENABUR,SMA,SWASTA,JL.MUARA KARANG BLOK Z 3 S,Kota Adm. Jakarta Utara,Penjaringan,PLUIT,https://referensi.data.kemendikdasmen.go.id/pendidikan/npsn/20110335,PENJARINGAN,KOTA ADM. JAKARTA UTARA,PROV. D.K.I. JAKARTA,DIKMEN
70031235,SMA NUSANTARA PERMAI,SMA,SWASTA,Jln. Pluit Karang Barat Blok O-VI No. 1B RT. 2 RW. 8,Kota Adm. Jakarta Utara,Penjaringan,PLUIT,https://referensi.data.kemendikdasmen.go.id/pendidikan/npsn/70031235,PENJARINGAN,KOTA ADM. JAKARTA UTARA,PROV. D.K.I. JAKARTA,DIKMEN
69755458,SMA PELANGI KASIH,SMA,SWASTA,TAMAN GRISENDA A1/28 JL. PANTAI INDAH TIMUR,Kota Adm. Jakarta Utara,Penjaringan,KAPUK MUARA,https://referensi.data.kemendikdasmen.go.id/pendidikan/npsn/69755458,PENJARINGAN,KOTA ADM. JAKARTA UTARA,PROV. D.K.I. JAKARTA,DIKMEN
20100612,SMA SAINT NICHOLAS,SPK,SWASTA,JL. PANTAI INDAH UTARA SEKTOR TIMUR BLOK S NO. 8 PIK JAKARTA UTARA,Kota Adm. Jakarta Utara,Penjaringan,KAPUK MUARA,https://referensi.data.kemendikdasmen.go.id/pendidikan/npsn/20100612,PENJARINGAN,KOTA ADM. JAKARTA UTARA,PROV. D.K.I. JAKARTA,DIKMEN
69873573,SMA WESTIN,SMA,SWASTA,TELUK GONG JL. G NO 408,Kota Adm. Jakarta Utara,Penjaringan,PEJAGALAN,https://referensi.data.kemendikdasmen.go.id/pendidikan/npsn/69873573,PENJARINGAN,KOTA ADM. JAKARTA UTARA,PROV. D.K.I. JAKARTA,DIKMEN
20100803,SMAN 111 JAKARTA,SMA,NEGERI,JL. BANDENGAN UTARA 80,Kota Adm. Jakarta Utara,Penjaringan,PENJARINGAN,https://referensi.data.kemendikdasmen.go.id/pendidikan/npsn/20100803,PENJARINGAN,KOTA ADM. JAKARTA UTARA,PROV. D.K.I. JAKARTA,DIKMEN
20100628,SMAS BUDI AGUNG,SMA,SWASTA,JL. TERUSAN BANDENGAN UTARA,Kota Adm. Jakarta Utara,Penjaringan,PEJAGALAN,https://referensi.data.kemendikdasmen.go.id/pendidikan/npsn/20100628,PENJARINGAN,KOTA ADM. JAKARTA UTARA,PROV. D.K.I. JAKARTA,DIKMEN
20100629,SMAS BUNGA HATI BANGSA,SMA,SWASTA,JL.VILA KAPUK INDAH BLOK G / 1,Kota Adm. Jakarta Utara,Penjaringan,KAPUK MUARA,https://referensi.data.kemendikdasmen.go.id/pendidikan/npsn/20100629,PENJARINGAN,KOTA ADM. JAKARTA UTARA,PROV. D.K.I. JAKARTA,DIKMEN
20107371,SMAS CAHAYA KUDUS JAKARTA,SMA,SWASTA,JL. MUARA KARANG B IX NO. 129,Kota Adm. Jakarta Utara,Penjaringan,PLUIT,https://referensi.data.kemendikdasmen.go.id/pendidikan/npsn/20107371,PENJARINGAN,KOTA ADM. JAKARTA UTARA,PROV. D.K.I. JAKARTA,DIKMEN
20107372,SMAS CHANDRA KUSUMA JAKARTA,SMA,SWASTA,JL. PERUM VILAMAS SELATAN I BLOK H 4 NO. 1,Kota Adm. Jakarta Utara,Penjaringan,KAPUK MUARA,https://referensi.data.kemendikdasmen.go.id/pendidikan/npsn/20107372,PENJARINGAN,KOTA ADM. JAKARTA UTARA,PROV. D.K.I. JAKARTA,DIKMEN
20107375,SMAS DHARMA SUCI JAKARTA,SMA,SWASTA,JL. JEMB 3 KOMP. PLUIT MAS BLOK F NO. 1-5,Kota Adm. Jakarta Utara,Penjaringan,PEJAGALAN,https://referensi.data.kemendikdasmen.go.id/pendidikan/npsn/20107375,PENJARINGAN,KOTA ADM. JAKARTA UTARA,PROV. D.K.I. JAKARTA,DIKMEN
20107378,SMAS HARAPAN KASIH JAKARTA,SMA,SWASTA,JL. MUARA BARU RAYA 5-7,Kota Adm. Jakarta Utara,Penjaringan,PENJARINGAN,https://referensi.data.kemendikdasmen.go.id/pendidikan/npsn/20107378,PENJARINGAN,KOTA ADM. JAKARTA UTARA,PROV. D.K.I. JAKARTA,DIKMEN
20100631,SMAS KATOLIK DIAKONIA JAKARTA,SMA,SWASTA,JL.PLUIT UTARA RAYA NO. 2,Kota Adm. Jakarta Utara,Penjaringan,PLUIT,https://referensi.data.kemendikdasmen.go.id/pendidikan/npsn/20100631,PENJARINGAN,KOTA ADM. JAKARTA UTARA,PROV. D.K.I. JAKARTA,DIKMEN
20107382,SMAS KRISTEN IPEKA PLUIT,SMA,SWASTA,JL. PLUIT TIMUR B UTARA NO. 1,Kota Adm. Jakarta Utara,Penjaringan,PLUIT,https://referensi.data.kemendikdasmen.go.id/pendidikan/npsn/20107382,PENJARINGAN,KOTA ADM. JAKARTA UTARA,PROV. D.K.I. JAKARTA,DIKMEN
20100603,SMAS KRISTEN YUSUF,SMA,SWASTA,JL. ARWANA 2/16 JEMBATAN DUA,Kota Adm. Jakarta Utara,Penjaringan,PEJAGALAN,https://referensi.data.kemendikdasmen.go.id/pendidikan/npsn/20100603,PENJARINGAN,KOTA ADM. JAKARTA UTARA,PROV. D.K.I. JAKARTA,DIKMEN
20100605,SMAS METHODIST JAKARTA,SMA,SWASTA,JL. BANDENGAN UTARA NO. 91A,Kota Adm. Jakarta Utara,Penjaringan,PEJAGALAN,https://referensi.data.kemendikdasmen.go.id/pendidikan/npsn/20100605,PENJARINGAN,KOTA ADM. JAKARTA UTARA,PROV. D.K.I. JAKARTA,DIKMEN
20100607,SMAS PERMAI JAKARTA,SMA,SWASTA,JL. PLUIT KARANG BARAT BLOK O - VI No.1A,Kota Adm. Jakarta Utara,Penjaringan,PLUIT,https://referensi.data.kemendikdasmen.go.id/pendidikan/npsn/20100607,PENJARINGAN,KOTA ADM. JAKARTA UTARA,PROV. D.K.I. JAKARTA,DIKMEN
20107389,SMAS PERMATA INDAH JAKARTA,SMA,SWASTA,JL. KAMPUNG GUSTI BLOK A /1,Kota Adm. Jakarta Utara,Penjaringan,PEJAGALAN,https://referensi.data.kemendikdasmen.go.id/pendidikan/npsn/20107389,PENJARINGAN,KOTA ADM. JAKARTA UTARA,PROV. D.K.I. JAKARTA,DIKMEN
20100610,SMAS PUSAKA ABADI JAKARTA,SMA,SWASTA,JL. V NO. 28 TELUK GONG,Kota Adm. Jakarta Utara,Penjaringan,PEJAGALAN,https://referensi.data.kemendikdasmen.go.id/pendidikan/npsn/20100610,PENJARINGAN,KOTA ADM. JAKARTA UTARA,PROV. D.K.I. JAKARTA,DIKMEN
20107393,SMAS STELLA MARIS JAKARTA,SMA,SWASTA,JL. LELE BLOK A1,Kota Adm. Jakarta Utara,Penjaringan,PEJAGALAN,https://referensi.data.kemendikdasmen.go.id/pendidikan/npsn/20107393,PENJARINGAN,KOTA ADM. JAKARTA UTARA,PROV. D.K.I. JAKARTA,DIKMEN
69973260,SMAS SUKSES ABADI,SMA,SWASTA,Jl. Moa No. 52 - 52A Teluk Gong,Kota Adm. Jakarta Utara,Penjaringan,PEJAGALAN,https://referensi.data.kemendikdasmen.go.id/pendidikan/npsn/69973260,PENJARINGAN,KOTA ADM. JAKARTA UTARA,PROV. D.K.I. JAKARTA,DIKMEN
20100613,SMAS TARAKANITA 2,SMA,SWASTA,Jl. Taman Pluit Permai Barat No. 1,Kota Adm. Jakarta Utara,Penjaringan,PLUIT,https://referensi.data.kemendikdasmen.go.id/pendidikan/npsn/20100613,PENJARINGAN,KOTA ADM. JAKARTA UTARA,PROV. D.K.I. JAKARTA,DIKMEN
20107398,SMAS WIJAYA KUSUMA JAKARTA,SMA,SWASTA,JL. BANDENGAN UTARA NO. 80,Kota Adm. Jakarta Utara,Penjaringan,PENJARINGAN,https://referensi.data.kemendikdasmen.go.id/pendidikan/npsn/20107398,PENJARINGAN,KOTA ADM. JAKARTA UTARA,PROV. D.K.I. JAKARTA,DIKMEN
70052938,SMK GENESARET,SMK,SWASTA,"Jalan Bandengan Utara No. 40 D, RT. 001, RW. 015",Kota Adm. Jakarta Utara,Penjaringan,PENJARINGAN,https://referensi.data.kemendikdasmen.go.id/pendidikan/npsn/70052938,PENJARINGAN,KOTA ADM. JAKARTA UTARA,PROV. D.K.I. JAKARTA,DIKMEN
20107449,SMK PERMATA INDAH,SMK,SWASTA,JL. KAMP GUSTI BLOK A/1Taman Permata Indah II No.1,Kota Adm. Jakarta Utara,Penjaringan,PEJAGALAN,https://referensi.data.kemendikdasmen.go.id/pendidikan/npsn/20107449,PENJARINGAN,KOTA ADM. JAKARTA UTARA,PROV. D.K.I. JAKARTA,DIKMEN
20107439,SMKN 56 JAKARTA,SMK,NEGERI,JL. RAYA PLUIT TIMUR NO. 1 PENJARINGAN,Kota Adm. Jakarta Utara,Penjaringan,PLUIT,https://referensi.data.kemendikdasmen.go.id/pendidikan/npsn/20107439,PENJARINGAN,KOTA ADM. JAKARTA UTARA,PROV. D.K.I. JAKARTA,DIKMEN
69761967,SMKS AL MUTTAQIN,SMK,SWASTA,JL. KAPUK MUARA RT 10/ RW 4,Kota Adm. Jakarta Utara,Penjaringan,KAPUK MUARA,https://referensi.data.kemendikdasmen.go.id/pendidikan/npsn/69761967,PENJARINGAN,KOTA ADM. JAKARTA UTARA,PROV. D.K.I. JAKARTA,DIKMEN
20107442,SMKS PANGERAN WIJAYAKUSUMA,SMK,SWASTA,JL. BANDENGAN UTARA NO. 80,Kota Adm. Jakarta Utara,Penjaringan,PENJARINGAN,https://referensi.data.kemendikdasmen.go.id/pendidikan/npsn/20107442,PENJARINGAN,KOTA ADM. JAKARTA UTARA,PROV. D.K.I. JAKARTA,DIKMEN
20107452,SMKS PLUIT RAYA,SMK,SWASTA,JL. JEMBATAN TIGA NO.1,Kota Adm. Jakarta Utara,Penjaringan,PENJARINGAN,https://referensi.data.kemendikdasmen.go.id/pendidikan/npsn/20107452,PENJARINGAN,KOTA ADM. JAKARTA UTARA,PROV. D.K.I. JAKARTA,DIKMEN
20107453,SMKS PSKD 3 JAKARTA,SMK,SWASTA,JL. TANJUNG WANGI PLUIT,Kota Adm. Jakarta Utara,Penjaringan,PENJARINGAN,https://referensi.data.kemendikdasmen.go.id/pendidikan/npsn/20107453,PENJARINGAN,KOTA ADM. JAKARTA UTARA,PROV. D.K.I. JAKARTA,DIKMEN
20107455,SMKS REMAJA PLUIT,SMK,SWASTA,JL.PLUIT SELATAN I NO. 1 PLUIT,Kota Adm. Jakarta Utara,Penjaringan,PLUIT,https://referensi.data.kemendikdasmen.go.id/pendidikan/npsn/20107455,PENJARINGAN,KOTA ADM. JAKARTA UTARA,PROV. D.K.I. JAKARTA,DIKMEN
20107467,SMKS TRIDHARMA BUDHIDAYA,SMK,SWASTA,JL. BIDARA RAYA NO. 36,Kota Adm. Jakarta Utara,Penjaringan,PEJAGALAN,https://referensi.data.kemendikdasmen.go.id/pendidikan/npsn/20107467,PENJARINGAN,KOTA ADM. JAKARTA UTARA,PROV. D.K.I. JAKARTA,DIKMEN
20177974,MAS RD JANNATINNAIM,MA,SWASTA,Jl. Budi Mulya Dalam No. 91 Rt.012/012,Kota Adm. Jakarta Utara,Pademangan,PADEMANGAN BARAT,https://referensi.data.kemendikdasmen.go.id/pendidikan/npsn/20177974,PADEMANGAN,KOTA ADM. JAKARTA UTARA,PROV. D.K.I. JAKARTA,DIKMEN
69888992,SEKOLAH MENENGAH ATAS BUNDA MULIA SCHOOL,SPK,SWASTA,Jl. Lodan Raya No.2,Kota Adm. Jakarta Utara,Pademangan,ANCOL,https://referensi.data.kemendikdasmen.go.id/pendidikan/npsn/69888992,PADEMANGAN,KOTA ADM. JAKARTA UTARA,PROV. D.K.I. JAKARTA,DIKMEN
20109549,SLB SEJAHTERA,SLB,SWASTA,Jl. Ampera Besar Gg. E No.41,Kota Adm. Jakarta Utara,Pademangan,PADEMANGAN BARAT,https://referensi.data.kemendikdasmen.go.id/pendidikan/npsn/20109549,PADEMANGAN,KOTA ADM. JAKARTA UTARA,PROV. D.K.I. JAKARTA,DIKDAS
20100810,SMAN 40 JAKARTA,SMA,NEGERI,JL. BUDI MULYA RAYA,Kota Adm. Jakarta Utara,Pademangan,PADEMANGAN BARAT,https://referensi.data.kemendikdasmen.go.id/pendidikan/npsn/20100810,PADEMANGAN,KOTA ADM. JAKARTA UTARA,PROV. D.K.I. JAKARTA,DIKMEN
20100599,SMAS GANDHI ANCOL,SPK,SWASTA,JL. PANGANDARAN IX BLOK B4 No. 1,Kota Adm. Jakarta Utara,Pademangan,ANCOL,https://referensi.data.kemendikdasmen.go.id/pendidikan/npsn/20100599,PADEMANGAN,KOTA ADM. JAKARTA UTARA,PROV. D.K.I. JAKARTA,DIKMEN
20107394,SMAS ST MARIA DELLA STRADA,SMA,SWASTA,JL. PADEMANGAN I GG. 7/18,Kota Adm. Jakarta Utara,Pademangan,PADEMANGAN TIMUR,https://referensi.data.kemendikdasmen.go.id/pendidikan/npsn/20107394,PADEMANGAN,KOTA ADM. JAKARTA UTARA,PROV. D.K.I. JAKARTA,DIKMEN
20107433,SMKN 23 JAKARTA,SMK,NEGERI,JL. PADEMANGAN TIMUR III/19,Kota Adm. Jakarta Utara,Pademangan,PADEMANGAN TIMUR,https://referensi.data.kemendikdasmen.go.id/pendidikan/npsn/20107433,PADEMANGAN,KOTA ADM. JAKARTA UTARA,PROV. D.K.I. JAKARTA,DIKMEN
20107438,SMKN 55 JAKARTA,SMK,NEGERI,JL. PADEMANGAN TIMUR VII,Kota Adm. Jakarta Utara,Pademangan,PADEMANGAN TIMUR,https://referensi.data.kemendikdasmen.go.id/pendidikan/npsn/20107438,PADEMANGAN,KOTA ADM. JAKARTA UTARA,PROV. D.K.I. JAKARTA,DIKMEN
20107417,SMKS FAJAR INDAH,SMK,SWASTA,JL. WASPADA RAYA 1/30,Kota Adm. Jakarta Utara,Pademangan,PADEMANGAN BARAT,https://referensi.data.kemendikdasmen.go.id/pendidikan/npsn/20107417,PADEMANGAN,KOTA ADM. JAKARTA UTARA,PROV. D.K.I. JAKARTA,DIKMEN
20107428,SMKS K HARAPAN MULIA,SMK,SWASTA,JL.PADEMANGAN V BLOK D PADEMANGAN,Kota Adm. Jakarta Utara,Pademangan,PADEMANGAN TIMUR,https://referensi.data.kemendikdasmen.go.id/pendidikan/npsn/20107428,PADEMANGAN,KOTA ADM. JAKARTA UTARA,PROV. D.K.I. JAKARTA,DIKMEN
20107454,SMKS RAUDHATUL JANNATUNNAIM,SMK,SWASTA,JL. BUDI MULIA,Kota Adm. Jakarta Utara,Pademangan,PADEMANGAN BARAT,https://referensi.data.kemendikdasmen.go.id/pendidikan/npsn/20107454,PADEMANGAN,KOTA ADM. JAKARTA UTARA,PROV. D.K.I. JAKARTA,DIKMEN
69892612,MAS NURUL JALAL,MA,SWASTA,Jl. Warakas V Gg. 2 No. 70 Rt.005/ 07,Kota Adm. Jakarta Utara,Tanjung Priok,WARAKAS,https://referensi.data.kemendikdasmen.go.id/pendidikan/npsn/69892612,TANJUNG PRIOK,KOTA ADM. JAKARTA UTARA,PROV. D.K.I. JAKARTA,DIKMEN
20177966,MAS AL JIHAD,MA,SWASTA,Jl. Jihad Papanggo I Tanjung Priok Jakarta Utara,Kota Adm. Jakarta Utara,Tanjung Priok,PAPANGO,https://referensi.data.kemendikdasmen.go.id/pendidikan/npsn/20177966,TANJUNG PRIOK,KOTA ADM. JAKARTA UTARA,PROV. D.K.I. JAKARTA,DIKMEN
20177975,MAS YAPIS,MA,SWASTA,Jl. Tawes No. 21-22,Kota Adm. Jakarta Utara,Tanjung Priok,TANJUNG PRIUK,https://referensi.data.kemendikdasmen.go.id/pendidikan/npsn/20177975,TANJUNG PRIOK,KOTA ADM. JAKARTA UTARA,PROV. D.K.I. JAKARTA,DIKMEN
69757216,SLB B MAWAR PUTIH,SLB,SWASTA,Jl. Swasembada Barat Xi No. 64 B,Kota Adm. Jakarta Utara,Tanjung Priok,KEBON BAWANG,https://referensi.data.kemendikdasmen.go.id/pendidikan/npsn/69757216,TANJUNG PRIOK,KOTA ADM. JAKARTA UTARA,PROV. D.K.I. JAKARTA,DIKDAS
20110820,SLB C MAWAR PUTIH,SLB,SWASTA,Jl. Swasembada Barat Xi No. 64 B,Kota Adm. Jakarta Utara,Tanjung Priok,KEBON BAWANG,https://referensi.data.kemendikdasmen.go.id/pendidikan/npsn/20110820,TANJUNG PRIOK,KOTA ADM. JAKARTA UTARA,PROV. D.K.I. JAKARTA,DIKDAS
69988210,SLB NEGERI 9 JAKARTA,SLB,NEGERI,Jalan Sunter Permai Raya No.21,Kota Adm. Jakarta Utara,Tanjung Priok,SUNTER AGUNG,https://referensi.data.kemendikdasmen.go.id/pendidikan/npsn/69988210,TANJUNG PRIOK,KOTA ADM. JAKARTA UTARA,PROV. D.K.I. JAKARTA,DIKDAS
70051357,SLB SHINING STARS ACADEMY,SLB,SWASTA,"Jl. Agung Timur IX Blok O No.1-3, RT.010/RW.011",Kota Adm. Jakarta Utara,Tanjung Priok,SUNTER AGUNG,https://referensi.data.kemendikdasmen.go.id/pendidikan/npsn/70051357,TANJUNG PRIOK,KOTA ADM. JAKARTA UTARA,PROV. D.K.I. JAKARTA,DIKDAS
69965395,SMA BINA MAJU BANGSA,SMA,SWASTA,Jalan Danau Bisma Blok C No.16,Kota Adm. Jakarta Utara,Tanjung Priok,PAPANGO,https://referensi.data.kemendikdasmen.go.id/pendidikan/npsn/69965395,TANJUNG PRIOK,KOTA ADM. JAKARTA UTARA,PROV. D.K.I. JAKARTA,DIKMEN
20107383,SMA KRISTEN IPEKA SUNTER,SMA,SWASTA,"Jl. Baru RT 15/07 Sunter Agung, Kec. Tanjung Priok, Jakarta Utara 14350",Kota Adm. Jakarta Utara,Tanjung Priok,SUNTER AGUNG,https://referensi.data.kemendikdasmen.go.id/pendidikan/npsn/20107383,TANJUNG PRIOK,KOTA ADM. JAKARTA UTARA,PROV. D.K.I. JAKARTA,DIKMEN
69948873,SMA LENTERA KASIH,SPK,SWASTA,Jl. Sunter Permai Raya No.8,Kota Adm. Jakarta Utara,Tanjung Priok,SUNTER AGUNG,https://referensi.data.kemendikdasmen.go.id/pendidikan/npsn/69948873,TANJUNG PRIOK,KOTA ADM. JAKARTA UTARA,PROV. D.K.I. JAKARTA,DIKMEN
70048764,SMA MANDALA CENDEKIA,SMA,SWASTA,Jl. Swasembada Timur XIII No.46-50,Kota Adm. Jakarta Utara,Tanjung Priok,KEBON BAWANG,https://referensi.data.kemendikdasmen.go.id/pendidikan/npsn/70048764,TANJUNG PRIOK,KOTA ADM. JAKARTA UTARA,PROV. D.K.I. JAKARTA,DIKMEN
20100807,SMAN 15 JAKARTA,SMA,NEGERI,JL. AGUNG UTARA STS BLOK A,Kota Adm. Jakarta Utara,Tanjung Priok,SUNTER AGUNG,https://referensi.data.kemendikdasmen.go.id/pendidikan/npsn/20100807,TANJUNG PRIOK,KOTA ADM. JAKARTA UTARA,PROV. D.K.I. JAKARTA,DIKMEN
20100809,SMAN 18 JAKARTA,SMA,NEGERI,JL. WARAKAS 1 TANJUNG PRIOK,Kota Adm. Jakarta Utara,Tanjung Priok,WARAKAS,https://referensi.data.kemendikdasmen.go.id/pendidikan/npsn/20100809,TANJUNG PRIOK,KOTA ADM. JAKARTA UTARA,PROV. D.K.I. JAKARTA,DIKMEN
20100811,SMAN 41 JAKARTA,SMA,NEGERI,JL. LAKS. RE MARTADINATA,Kota Adm. Jakarta Utara,Tanjung Priok,SUNTER AGUNG,https://referensi.data.kemendikdasmen.go.id/pendidikan/npsn/20100811,TANJUNG PRIOK,KOTA ADM. JAKARTA UTARA,PROV. D.K.I. JAKARTA,DIKMEN
20100780,SMAN 80 JAKARTA,SMA,NEGERI,JL. SUNTER KARYA SELATAN V,Kota Adm. Jakarta Utara,Tanjung Priok,SUNTER AGUNG,https://referensi.data.kemendikdasmen.go.id/pendidikan/npsn/20100780,TANJUNG PRIOK,KOTA ADM. JAKARTA UTARA,PROV. D.K.I. JAKARTA,DIKMEN
20107367,SMAS AL JIHAD JAKARTA,SMA,SWASTA,JL. JIHAD PAPANGGO I,Kota Adm. Jakarta Utara,Tanjung Priok,PAPANGO,https://referensi.data.kemendikdasmen.go.id/pendidikan/npsn/20107367,TANJUNG PRIOK,KOTA ADM. JAKARTA UTARA,PROV. D.K.I. JAKARTA,DIKMEN
20100630,SMAS DHARMA BUDHI BHAKTI JAKARTA,SMA,SWASTA,JL. AGUNG TENGAH VII NO. 1,Kota Adm. Jakarta Utara,Tanjung Priok,SUNTER AGUNG,https://referensi.data.kemendikdasmen.go.id/pendidikan/npsn/20100630,TANJUNG PRIOK,KOTA ADM. JAKARTA UTARA,PROV. D.K.I. JAKARTA,DIKMEN
20107373,SMAS DHARMA PUTRA JAKARTA,SMA,SWASTA,JL. SWASEMBADA BARAT XI NO.92,Kota Adm. Jakarta Utara,Tanjung Priok,KEBON BAWANG,https://referensi.data.kemendikdasmen.go.id/pendidikan/npsn/20107373,TANJUNG PRIOK,KOTA ADM. JAKARTA UTARA,PROV. D.K.I. JAKARTA,DIKMEN
20107376,SMAS GIDEON JAKARTA,SMA,SWASTA,JL. GADANG NO. 77,Kota Adm. Jakarta Utara,Tanjung Priok,SUNGAI BAMBU,https://referensi.data.kemendikdasmen.go.id/pendidikan/npsn/20107376,TANJUNG PRIOK,KOTA ADM. JAKARTA UTARA,PROV. D.K.I. JAKARTA,DIKMEN
20107377,SMAS GITA KIRTI 2,SMA,SWASTA,JL. SUNTER JAYA IV NO. 2,Kota Adm. Jakarta Utara,Tanjung Priok,SUNTER JAYA,https://referensi.data.kemendikdasmen.go.id/pendidikan/npsn/20107377,TANJUNG PRIOK,KOTA ADM. JAKARTA UTARA,PROV. D.K.I. JAKARTA,DIKMEN
20107380,SMAS JUBILEE,SMA,SWASTA,JL Sunter Jaya I No.1,Kota Adm. Jakarta Utara,Tanjung Priok,TANJUNG PRIUK,https://referensi.data.kemendikdasmen.go.id/pendidikan/npsn/20107380,TANJUNG PRIOK,KOTA ADM. JAKARTA UTARA,PROV. D.K.I. JAKARTA,DIKMEN
20112503,SMAS K CALVIN,SMA,SWASTA,Jl. Yos Sudarso Kav. 85 RT. 009 RW. 011,Kota Adm. Jakarta Utara,Tanjung Priok,SUNTER JAYA,https://referensi.data.kemendikdasmen.go.id/pendidikan/npsn/20112503,TANJUNG PRIOK,KOTA ADM. JAKARTA UTARA,PROV. D.K.I. JAKARTA,DIKMEN
20107384,SMAS KRISTEN TUNAS BANGSA,SMA,SWASTA,JL SUNTER GARDEN BLOK. C-7,Kota Adm. Jakarta Utara,Tanjung Priok,SUNTER AGUNG,https://referensi.data.kemendikdasmen.go.id/pendidikan/npsn/20107384,TANJUNG PRIOK,KOTA ADM. JAKARTA UTARA,PROV. D.K.I. JAKARTA,DIKMEN
20100606,SMAS MUTIARA 1 JAKARTA,SMA,SWASTA,JL. KOMP. YOS SUDARSO II / 19,Kota Adm. Jakarta Utara,Tanjung Priok,KEBON BAWANG,https://referensi.data.kemendikdasmen.go.id/pendidikan/npsn/20100606,TANJUNG PRIOK,KOTA ADM. JAKARTA UTARA,PROV. D.K.I. JAKARTA,DIKMEN
20107391,SMAS SANTO LUKAS 1 JAKARTA,SMA,SWASTA,JL ANCOL SELATAN II/ NO 1,Kota Adm. Jakarta Utara,Tanjung Priok,SUNTER AGUNG,https://referensi.data.kemendikdasmen.go.id/pendidikan/npsn/20107391,TANJUNG PRIOK,KOTA ADM. JAKARTA UTARA,PROV. D.K.I. JAKARTA,DIKMEN
20107397,SMAS WIJAYA JAKARTA,SMA,SWASTA,JL. MASJID AL BARKAH NO. 16A,Kota Adm. Jakarta Utara,Tanjung Priok,SUNTER JAYA,https://referensi.data.kemendikdasmen.go.id/pendidikan/npsn/20107397,TANJUNG PRIOK,KOTA ADM. JAKARTA UTARA,PROV. D.K.I. JAKARTA,DIKMEN
20107400,SMAS YAPPENDA,SMA,SWASTA,JL. SWASEMBADA TIMUR V NO. 10,Kota Adm. Jakarta Utara,Tanjung Priok,KEBON BAWANG,https://referensi.data.kemendikdasmen.go.id/pendidikan/npsn/20107400,TANJUNG PRIOK,KOTA ADM. JAKARTA UTARA,PROV. D.K.I. JAKARTA,DIKMEN
20107461,SMK SISMADI,SMK,SWASTA,JL. WARAKAS RAYA NO.17,Kota Adm. Jakarta Utara,Tanjung Priok,WARAKAS,https://referensi.data.kemendikdasmen.go.id/pendidikan/npsn/20107461,TANJUNG PRIOK,KOTA ADM. JAKARTA UTARA,PROV. D.K.I. JAKARTA,DIKMEN
20100783,SMKN 12 JAKARTA,SMK,NEGERI,Jl. Kebon Bawang XV B No.15 RT.19/RW.2,Kota Adm. Jakarta Utara,Tanjung Priok,KEBON BAWANG,https://referensi.data.kemendikdasmen.go.id/pendidikan/npsn/20100783,TANJUNG PRIOK,KOTA ADM. JAKARTA UTARA,PROV. D.K.I. JAKARTA,DIKMEN
20107404,SMKS AL JIHAD JAKARTA,SMK,SWASTA,JL. PAPANGGO 1 NO. 1,Kota Adm. Jakarta Utara,Tanjung Priok,PAPANGO,https://referensi.data.kemendikdasmen.go.id/pendidikan/npsn/20107404,TANJUNG PRIOK,KOTA ADM. JAKARTA UTARA,PROV. D.K.I. JAKARTA,DIKMEN
20107405,SMKS AL-KHAIRIYAH BAHARI,SMK,SWASTA,JL. BAHARI 3 A8 NO. 152,Kota Adm. Jakarta Utara,Tanjung Priok,TANJUNG PRIUK,https://referensi.data.kemendikdasmen.go.id/pendidikan/npsn/20107405,TANJUNG PRIOK,KOTA ADM. JAKARTA UTARA,PROV. D.K.I. JAKARTA,DIKMEN
20107410,SMKS BARUNAWATI,SMK,SWASTA,JL. GANGGENG II NO.1 TG. PRIOK,Kota Adm. Jakarta Utara,Tanjung Priok,SUNGAI BAMBU,https://referensi.data.kemendikdasmen.go.id/pendidikan/npsn/20107410,TANJUNG PRIOK,KOTA ADM. JAKARTA UTARA,PROV. D.K.I. JAKARTA,DIKMEN
20107416,SMKS DHARMA PUTRA,SMK,SWASTA,JL. SWASEMBADA BARAT XI NO.92,Kota Adm. Jakarta Utara,Tanjung Priok,KEBON BAWANG,https://referensi.data.kemendikdasmen.go.id/pendidikan/npsn/20107416,TANJUNG PRIOK,KOTA ADM. JAKARTA UTARA,PROV. D.K.I. JAKARTA,DIKMEN
20107418,SMKS GITA KIRTTI 2 JAKARTA,SMK,SWASTA,JL. SUNTER JAYA 4,Kota Adm. Jakarta Utara,Tanjung Priok,SUNTER JAYA,https://referensi.data.kemendikdasmen.go.id/pendidikan/npsn/20107418,TANJUNG PRIOK,KOTA ADM. JAKARTA UTARA,PROV. D.K.I. JAKARTA,DIKMEN
20107419,SMKS GLOBAL 21 JAKARTA,SMK,SWASTA,JL. LANJI NO. 2,Kota Adm. Jakarta Utara,Tanjung Priok,PAPANGO,https://referensi.data.kemendikdasmen.go.id/pendidikan/npsn/20107419,TANJUNG PRIOK,KOTA ADM. JAKARTA UTARA,PROV. D.K.I. JAKARTA,DIKMEN
20107420,SMKS GUNUNG JATI JAKARTA,SMK,SWASTA,JL. SUNGAI BAMBU IV NO. 35,Kota Adm. Jakarta Utara,Tanjung Priok,SUNGAI BAMBU,https://referensi.data.kemendikdasmen.go.id/pendidikan/npsn/20107420,TANJUNG PRIOK,KOTA ADM. JAKARTA UTARA,PROV. D.K.I. JAKARTA,DIKMEN
20107426,SMKS KENCANA 1 JAKARTA,SMK,SWASTA,JL.SUNGAI BAMBU POL 13A TG. PRIOK,Kota Adm. Jakarta Utara,Tanjung Priok,SUNGAI BAMBU,https://referensi.data.kemendikdasmen.go.id/pendidikan/npsn/20107426,TANJUNG PRIOK,KOTA ADM. JAKARTA UTARA,PROV. D.K.I. JAKARTA,DIKMEN
69761954,SMKS KESEHATAN GLOBAL CENDEKIA,SMK,SWASTA,JL GADANG NO.83-85,Kota Adm. Jakarta Utara,Tanjung Priok,SUNGAI BAMBU,https://referensi.data.kemendikdasmen.go.id/pendidikan/npsn/69761954,TANJUNG PRIOK,KOTA ADM. JAKARTA UTARA,PROV. D.K.I. JAKARTA,DIKMEN
20107432,SMKS MUTIARA 1 JAKARTA,SMK,SWASTA,JL. KOMP YOS SUDARSO II/19,Kota Adm. Jakarta Utara,Tanjung Priok,KEBON BAWANG,https://referensi.data.kemendikdasmen.go.id/pendidikan/npsn/20107432,TANJUNG PRIOK,KOTA ADM. JAKARTA UTARA,PROV. D.K.I. JAKARTA,DIKMEN
20107422,SMKS PELAYARAN JAKARTA,SMK,SWASTA,JL. WARAKASVI / 19 NO. 107,Kota Adm. Jakarta Utara,Tanjung Priok,PAPANGO,https://referensi.data.kemendikdasmen.go.id/pendidikan/npsn/20107422,TANJUNG PRIOK,KOTA ADM. JAKARTA UTARA,PROV. D.K.I. JAKARTA,DIKMEN
20107447,SMKS PERINTIS NASIONAL JAKARTA,SMK,SWASTA,JL. SWASEMBADA TIMURX/02,Kota Adm. Jakarta Utara,Tanjung Priok,KEBON BAWANG,https://referensi.data.kemendikdasmen.go.id/pendidikan/npsn/20107447,TANJUNG PRIOK,KOTA ADM. JAKARTA UTARA,PROV. D.K.I. JAKARTA,DIKMEN
20107462,SMKS SPES PATRIAE,SMK,SWASTA,JL. ANCOL SELATAN II NO. 1,Kota Adm. Jakarta Utara,Tanjung Priok,SUNTER AGUNG,https://referensi.data.kemendikdasmen.go.id/pendidikan/npsn/20107462,TANJUNG PRIOK,KOTA ADM. JAKARTA UTARA,PROV. D.K.I. JAKARTA,DIKMEN
20107470,SMKS WIYATAMANDALA BAKTI JAKARTA,SMK,SWASTA,JL. SWASEMBADA TIMUR XIII/46-50,Kota Adm. Jakarta Utara,Tanjung Priok,KEBON BAWANG,https://referensi.data.kemendikdasmen.go.id/pendidikan/npsn/20107470,TANJUNG PRIOK,KOTA ADM. JAKARTA UTARA,PROV. D.K.I. JAKARTA,DIKMEN
20107469,SMKS WIYATAMANDALA JAKARTA,SMK,SWASTA,"JL. SWASEMBADA TIMUR XIII NO. 46-50, KEBON BAWANG",Kota Adm. Jakarta Utara,Tanjung Priok,KEBON BAWANG,https://referensi.data.kemendikdasmen.go.id/pendidikan/npsn/20107469,TANJUNG PRIOK,KOTA ADM. JAKARTA UTARA,PROV. D.K.I. JAKARTA,DIKMEN
20107471,SMKS YANINDO JAKARTA,SMK,SWASTA,JL. R. E. MARTADINATA,Kota Adm. Jakarta Utara,Tanjung Priok,TANJUNG PRIUK,https://referensi.data.kemendikdasmen.go.id/pendidikan/npsn/20107471,TANJUNG PRIOK,KOTA ADM. JAKARTA UTARA,PROV. D.K.I. JAKARTA,DIKMEN
20107472,SMKS YAPPENDA JAKARTA,SMK,SWASTA,JL. SWASEMBADA TIMUR IV NO.12,Kota Adm. Jakarta Utara,Tanjung Priok,KEBON BAWANG,https://referensi.data.kemendikdasmen.go.id/pendidikan/npsn/20107472,TANJUNG PRIOK,KOTA ADM. JAKARTA UTARA,PROV. D.K.I. JAKARTA,DIKMEN
20107474,SMKS YASPI JAYA,SMK,SWASTA,JL. Sunter Jaya VI No.16,Kota Adm. Jakarta Utara,Tanjung Priok,SUNTER JAYA,https://referensi.data.kemendikdasmen.go.id/pendidikan/npsn/20107474,TANJUNG PRIOK,KOTA ADM. JAKARTA UTARA,PROV. D.K.I. JAKARTA,DIKMEN
